"","Passengers","median"
"1",2,3.426194190979
"2",3,23.9793062210083
"3",4,209.289073944092
"4",5,2087.17274665833
"5",6,20921.3378429413
