"","Passengers","median"
"1",2,2.30073928833008
"2",3,22.2837924957275
"3",4,208.107113838196
"4",5,2063.91406059265
"5",6,19698.427438736
