"","Passengers","median"
"1",2,2.17080116271973
"2",3,27.2480249404907
"3",4,245.606541633606
"4",5,3413.76113891602
"5",6,38270.9538936615
