"","Passengers","median"
"1",2,3.41451168060303
"2",3,24.0242481231689
"3",4,210.462212562561
"4",5,2087.83257007599
"5",6,20888.0976438522
